comment,label
this was an ok documentary-kinda bias but fair-donald trump deserves respect-he is a fighter-and we should all learn from it and apply it to our own lives! you too can be a winner!,Supportive
bunch of liberal crap,Negative political
"what “they” dont understand is that trump is the first person who wasn’t chosen by the establishment… we are always given one of two pre chosen choices. no matter how u twist it or how twisted it may be, he used his negotiating skills to keep manufacturing in the us. which promise thousands upon thousands of people jobs. he made decisions about energy, that not only employed peopl, reduced energy cost, but empowered us as a country. every decision he made every promise he made was solid…… unlike any other ever. if it wasn’t for covid and the bullshit election. we would’ve continued to prosper. we all saw the complete and utter fakeness of the biden election. you forget we were there in the voting booths, we saw the corruption behind the scenes if not first hand, second third hand from those who are there that we know we saw the cardboard on the windows as they were counting votes. we saw the fake ballots. we are not stupid. we saw the corruption in which they stole the election. then the fake indictments, to which communities even more so sad for him. because we understand the injustices all too well. we seen it., from jfk 911 & beyond",Negative political
glad i am no longer forced to pay for your leftist propaganda.,Negative political
fuck the elites. they are evil.,Negative political
fuck pbs 😂😂😂 no more money for you 🎉🎉🎉🎉,Negative political
all these people should never be heard again,Negative political
"i am once of the other side believe the media even i only watched politics because i already do not trust politicians. i was one laughing the idea of straightening the border wall. but after valenzuela i began to watched you tube news and saw the bursting of the drugs then so forth of the fraud. when seeing mainstream news about immigration , i felt weary but after january 2026 busting the drugs cartel i am very happy voting for him. started this month i am into all news in his existence and whereabout. i am thankful to our almighty above for molding him in to a strong, resilient and comeback mightier, and i believe america will be great again. thank you pbs i love this video so much!",Supportive
the best president that has ever lived,Supportive
i have never seen anything like it nor will we see it ever again. fortunate to be a life to witness the rebirth of america.,Supportive
awesome,Supportive
i thought this was fair for the most part.,Normal
"this documentary is full of shit, donald j trump is the best american president ❤❤❤❤❤",Negative political
go president trump,Supportive
"it still ticks me off that biden kept top secret documents, unsecured, at several locations with no consequences.",Negative political
i wonder if a pbs biography of bill clinton would focus as heavily on his crimes and infedility and not on any accomplishments. pbs is a load of shit,Negative political
"i think god put a calling on him. pulled him out, for a moment to work with him, to groom him.",Supportive
"the election was in fact stolen. there was no such thing as ""biden harris"" administration there was only obama.",Negative political
❤❤trump,Supportive
he never had to “try to prove he was a winner.” he was a winner,Supportive
hard to watch. bias. not one positive comment. negative negative people against trump. this is why he wins. negativity loses eventually.,Negative political
trump winning again!,Supportive
"her very first words were; ""after the loss of the 2020 election, there was a remotest of possibilities that he would back in office again."" that's what the naysayers said. but, that's not what the majority of the people said.",Negative political
"oh please.........blaming president trump for his brother fred's alcoholism. nobody forced him to take a drink he made that chose himself. i have heard president trump speak about his brother, fred's drinking problem and it was always in a sadden way. president trump spoke very highly of his brother, fred, and how much he loved him and looked up to him. fred's daughter sounds like a spoiled rich brat trying to blame somebody else for her father's problems. we all have choices to make in this world fred just made the wrong choices and president trump made the right choices. mary should be proud of her uncle not trashing him. i would be proud if my uncle was potus!",Negative personal attack
at the end he is our president get over it,Negative political
now you had to stupidest men job stopid biden,Negative personal attack
"no moral man has ever endured more slanders, lies, governmental persecution, media absolute bias, election rigging , assassins and corruption beyond belief. so in my mind there has never been a greater president of th united states of america. and most of all the most fearless man on this planet !!!!!!!!!!!!!!!!! i love him because he and i think alike and believe in preserving this country for the benefit of us and the world.",Supportive
remember he said piece i heard him speak he said piece,Normal
trump has his faults but the media monster is what made america a joke. trump will be the only thing to save it.,Negative political
seems this video is left leaning bs.,Negative political
he wrote a book about a comeback 🤌🏽 than he made a comeback🤦🏽‍♂️,Sarcastic
shalom ☮️ from alabama upon the jan. 6 event. grace is back in tune,Normal
king don of nyv❤🎉😅,Supportive
❤❤❤❤❤❤❤❤❤❤❤❤❤❤❤❤❤❤❤❤❤,Supportive
"this is why pbs went out of business, trump broke pbs",Negative political
greatest american comeback story. period!,Supportive
"this is the biggest spread of propaganda i’ve ever seen. the shadow government trying to overtake the us government lost. they won when they installed biden but overall, they lost. jan 6th was staged by actors",Negative political
pbs is fake news media! president trump is the best president in the us history,Negative political
"k is the key © 2026 sir lirafox all good things start with a k, i stamped it in karma kiss on the crown, keep calm in the drama keys in my palm, kingdom coded in commas carla with a k, christian with a k, original name krishna clockwork cadence, saint germain in the prism merlin in the margins, byron air in the rhythm prince of the darkness, prince of the light pick what you call me, i answer at night i am not lame, i am not weak, i am not that i am not hiding, i am not lying, i am not cracked they throw labels like darts, miss every fact i walk untouched through the storm, yeah i conquered that untouchable whispered by walls when i pass pressure made diamonds, i breathe through the glass you rob a bank, do the time in the cell i rob a bank of illusions, wake up in a ward, ring the bell they say meds and the membrane insane i say truth cuts deep when it hits the brain diagnosis scribbled in pen by the same that fear what i carry cause it breaks their frame karma circles back like a kiss on the cheek kingdom within me, quiet and meek yet thunder when needed, lightning on beat k is the key, every door i speak from ocean to fire, atlantis to air i walk both sides, balance the pair whatever you name me, i stand right here unbought, unbent, unchained by fear i conquered that silence, i conquered that shame i conquered the mirrors that spit my name k after k, alphabet flame key after key, i mastered the game",Normal
pbs we can possibly turn into a porn channel. lets think of that and try to make that work.,Negative personal attack
"yes if trump shot somebody on 5 th avenue 6th avenue or whatever anenue, i would still vote for him because i know he did it in self defense, if he did it at all, because the evil demoratts set him up",Supportive
"why would i watch 1 second of pbs telling a story of donald trump? as soon as i get done writing this, i'm out. pbs admitted to only mentioning russia annexing crimea 19 times when it happened. not 19 stories or 19 documentaries, just 19 mentions. that's going absolutely silent for obama, and allowing him to install joe over there to keep ukraine just corrupt enough to never get into nato; thus keeping russia at bay. then pbs covered up obama's role in helping hillary frame trump with russia russia russia. so, ya, pbs is the last source i'd listen to about trump. they're too invested in bringing him down to ever tell it straight.",Negative political
roy cohn was gay as shit. he rose to power in the courtroom and the bedroom with powerful men he threatened to expose as cocksuckers.,Negative personal attack
pbs = political bull sht.,Negative political
"a bunch of trump haters - i now see why pbs is a not a real ""public"" network serving us the people.",Negative political
i will always love my big brother donald j trump.,Supportive
mdnurulislammdasabalisonamukhikazipursirajgongbangladeshthankspesidentdonaltrump*amarica,Supportive
100% c0/|ꭰ was hoax.,Negative political
trump!!! 🇺🇸🇺🇸🇺🇸🇺🇸🇺🇸🇺🇸,Supportive
that wrestling scene @ 20:55 is iconic. trump is awesome.,Supportive
fight!,Normal
"""people didn't care about the barbaric things he said."" why would they? have you ever been in an xbox live party? or game chat for an fps in 2010? that's childsplay.",Sarcastic
long live the american king!!!👑xxx,Supportive
you guys tried too hard to make him a villian but made him based as fuck,Supportive
left wing piece. glad pbs no more!,Negative political
he is a puppet for putin,Negative political
maga 2028,Supportive
pbs really you are going to belive this so glad ythey have no more funding,Negative political
and the whole world hates him now! document that!!,Negative political
😇💅🏻🖕🏻,Sarcastic
donald trump proved them wrong because they was wrong,Supportive
the 2020 election was a fraud and stolen from donald trump and we the people,Negative political
the hospitals killed the patients with covid,Negative normal
and donald trump became one of the best presidents of america has ever had,Supportive
this documentary is a bunch of bone shit and lies,Negative normal
18:43 morgan freeman??!?,Normal
donald trump did win in 2020!,Negative political
bias video. mary trump is bs.,Negative personal attack
ms barrett is still with us in 2026 and president trump greatest comeback ever 🇺🇸maga 👏👏👏👏👏👏👏👏👏👏👏👏👏👏👏,Supportive
oh wait new york is what now ? lie he said u asssssses,Negative personal attack
he was right about georgia and everything else ! it’s true !!!! u can’t handle assholes,Negative personal attack
lol the bias is insane. i didnt vote at all for his re-election vs biden but all i know is i went to bed with trump up a bunch in battleground states to him barely losing? shit was weird,Negative political
frontline is nothing but a bunch of communists clowns. this is all garbage,Negative political
kamala harris elected trump! democrats go blame yourselves!,Negative political
"an outstanding way to see how dems have lied their asses off over the years. trump didnt get revenge. i did though, i voted for him.........3 times",Negative political
🇺🇸🇺🇸💙i love you president trump💙🇺🇸🇺🇸,Supportive
no one can look at mainstream media and not see the bias.,Negative political
2020 was stolen,Negative political
wanted to leave a comment on the biased media but will not. i see y'all have already beat me to it,Negative political
night night pbs😂,Sarcastic
who doesn’t like to win who doesn’t love to win,Normal
this is so much more beautiful now! hahahaha. f. u. pbs!!!,Negative personal attack
"not we, the entire us media never seen anything like this",Negative normal
35:42 trump was right. covid has disappeared.,Supportive
another hit piece. leftist propaganda,Negative political
frontline missed the hole story. media bias!!!!!!!!!!!!!!!!!!!!!!!!!!!!!!!!!!!!!!!!!!!!!!!!!!!!!!!!!!!!!!!!!!!!!!!!!!!!!!!!!!!!!!!!!!!!!!!!!!!,Negative political
and now you are out of business 😂,Sarcastic
holy holy to the lord god of heaven for he is worthy and was slain for our iniquity.,Normal
"id follow that guy off a bridge,i admire the guy.",Supportive
"thank god he was elected. why? he's good at his job, idgaf about his personal life",Supportive
"absolutely 👍👍👍🇺🇸🇺🇸🇺🇸❤️❤️❤️💯💯💯he is my favorite player of all time, he is my hero and true fighter for all of us",Supportive
"25:45 your right, he is my favorite person to hate since he was a part of tearing my family apart, robbing me, and trying to destroy my career because he is a greedy man",Negative personal attack
"16:47 i heard ""trump is going to rot"" when she said rise lol",Sarcastic
we the american people chosed trump to clean up the bs biden left behind,Negative political
i think the democrats over played their hand in the persecution of trump but what really put him back in office was joe biden.,Negative political
love that of the best president donald j trump ever of the usa.,Supportive
32:45: more lies- no specifics or decernment in regard to trumps statements,Negative political
"25:35: trump never took the approach to build hatred for immigration- it was about socialist democcrats who allowed an insion of criminals into our country, and the economic destruction that followed",Negative political
trump can never loose. our lord is with him. ✝️💟❤️,Supportive
"never mind the fact that a lot of us voted for him.... for the first time, in 2024.... b/c the alternative was simply untenable..... no way in hell were we gonna have/put up with 4 more years of biden's (and likely even worse) policies that would even further destroy this country. say what you want about trump.... and i often do.... we're better off now than we were 4 years ago.... and a damn site better off than we would be with that useless, cackling cow that was installed (w/o a single vote, i might add) as the candidate for the democrat party.... w/o a doubt.... meh.",Negative personal attack
"its bc of our money, not his lifestyle..",Negatve normal
this is soooooo biased.,Negative political
trump❤❤❤❤❤,Supportive
"more a downfall of the establishment left than anything else. the left went so far-left, you left we the people no choice. it was either trump. or the many radical leftist, self-destructive, forced agendas. from normalizing men with gender dysphoria invading women's sports, and bathrooms. to ""defund the police!"", normalizing career criminality.. to ""fat acceptance!"", normalizing morbid obesity... to the wide open border, enabling massive drug and human trafficking... to the blatant, systemic, anti-white racism, and anti (straight) male sexism.. oh, and everyone's a victim! (except for straight, white males, of course) and it's always someone else's fault (usually a straight white male). all the way up to the unabashed anti-american rhetoric, attacking our country from every possible angle. hogwash about how america is oppressive to blacks, when she's created more black billionaires than the rest of the world's nations, combined. bashing america's history with ""stolen land"" lies (it was conquered).. bashing america's economic system (capitalism > socialism/communism, every time)... we the people grew beyond fatigued by your self-flagellating, self-defeating, dreary, fear-mongering nonsense.",Negative political
the mournful background music and low key ending make this read like the comeback of deadly virus. and are they seriously trying to blame trump for all the us covid deaths?,Negative political
i can’t believe that they are still lying about charlottesville 😬 and the rest like the mooch !! wow it the same old thing they are telling the lies !,Negative political
no no no.. we the people wanted to exact revenge on the left.. and some cases the right.. law enforcement .. the media.. all of the people with their hand in on the lies and fake indictments,Negative political
pbs is full of bs,Negative personal attack
"this right here is a great example of a public (neutral) entity that exists because of public funding being so one sided that it's clear as day that its a huge hit piece.. remember no matter what you claim he has done.. its the people who put him in that office.. and what you are doing with this article is exactly why.. you think the people ignorant and you and the political elites work together to mold what we hear,see and think.. even though we all know the 2020 election was shady as it gets and there is no way biden getting enough mailed in ballots to surpass trump's lead in the last hour of the election isn't complete bs... but it was a blessing in disguise.. gave him time to let the bs stew.. see who were double agents and to realize he had republicans who were working against him..",Negative political
i just love these hit pieces.. all personal views .. no facts.. all bitter reporters and establishment paid anti trumpers.. they keep saying hes a failure.. ?? well if that's the case sign me up as being a loser.. being elected president doesn't hold the same status it used to.. biden is a moron .. and we almost had kkkamala destroying this country..,Negative personal attack
trump in his second term will set the stage for world war 3,Negative political
"thank god president trump defunded this biased company. pbs is so left, you can smell it. trump is the best thing we've ever had for this country. thank god, trump is our president! 🙏💞🇺🇸🎉",Supportive
"nothing like an agenda driven malicious malice media ""documentary"" to remind us why pbs hadn't deserved taxpayers money for decades. so glad we're no longer subsidizing p..... b.s. maga baby",Negative political
is so incredibly that all things are possible for those that believe in god. 35 years ago a republican president took the dictator of panama now another republican president took maduro. trump has the upper hand right now. thank you mr. president ❤,Supportive
this has nothing to do with trump comeback.,Negative normal
now i luv and respect him even more! lol,Supportive
pbs hit piece...............,Negative personal attack
these clowns even used the charlottesville hoax to make president trump look bad,Negative political
you can tell this is a pbs production. it apoears to be anti trump and very one sided,Negative political
the elites are jealous !!! sorry president trump these people are nearsighted u on the other hand are a far sighted person you see what's possible they see only impossible pathetic people!! and president trump is not a narcissistic person because he cares about the american people too much !!!,Supportive
i'd vote for him again if he just figures out how.,Supportive
greatest president in american history! maga,Supportive
"through 22 min: every single word in this video is bitter, jealous, hateful sarcasm against trump. not a single word about trump's offering pelosi 2.000 national guard troops before jan. 6. pathetically biased and dishonest ""reporting."" pbs should be ashamed of themselves.",Negative political
i love president trump. period. may god bless him and may god bless america🙏❤️🇺🇸,Supportive
what a bullshit propaganda fairy tale..............of course...would expect nothing less from pbs. public bullshit.,Negative political
i beleive that it was about time for use to have a real president that gets ghe lead and lies out of govenment and retuens the nation back to equal rights to all!,Supportive
mary already hated her grandfather and continued to focus her hate on donald too.,Negative personal attack
the liberal media has never told the truth about trump.,Negative political
how's the us taxpayer funding cut working out for you pbs?,Sarcastic
men in their 30's and 40's don't have resiliency.,Negative normal
its called resiliency!! a lot of young people today don't have that,Negative normal
trump was right about the russian hoax.,Supportive
"give me a break. clinton did worse and also denied. the dems and libs defended clinton and ""didn't care about what he did in his personal life"". these people are hypocrites.",Negative political
i get it. trump's niece's father is the one who died from alcoholism. i think that is fred's daughter. that is why president trump doesn't drink. he saw what alcohol did to fred jr.,Normal
"even while committing fraud, subverting the democratic process, owning legacy media and spending over $2 billion usd by kamala campaign alone, trump and the people still won. btw, it goes to show what dnc thinks of its base when its keynote speakers (performers) are beyonce and oprah; at a cost of millions.",Negative political
"washington dc is thoroughly corrupt and is similar to cleveland, ohio after al capone took over cleveland, ohio. that is the reason why the citizens of the united states of america elected president trump to clean up the corruption in washington dc.",Negative political
"11 months later 315,000 unsigned ballot found all from fulton county now it going to court a fact is a fact.",Negative political
"covid was the reason trump lost 2020. i personally believe it was a mix of mail in ballot fraud and people blaming trump for covid. regardless of how it happened, i was disgusted with the fact that they were letting a dementia sufferer become president. i tuned out of everything political for two years. i didn't watch any news or follow any social media. i didn't even hear about what happened on january 6th until early 2023. all i know is my life is better under trump. he actually fights for the middle class which is something democrats haven't done for a very long time. they tried to impeach him, they tried to put him in jail and they even tried to shoot him. but they can't seem to stop him or even slow him down. i thank god for that.",Negative political
"that guy who said people were stupid including president trump, arrogant asshole whoever he was",Negative personal attack
just admit you guys (the left) are terrible at sending a message,Negative political
"nope i like donald for his policies, not the apprentice",Supportive
pbs plays the ominous music in the background when trump wins. there's a reason why no one takes you seriously.,Negative political
president trump is the g.o.a.t. !!!❤❤❤❤,Supportive
"how true it is when the people say ""when trump wins we all win"". i always said, ""when america is happy and healthy we all are"", it`s always proved to work out that way in my life time. magatrump.",Supportive
president trump is a g. go trump!,Supportive
great again🫡🫡🫡,Supportive
"and now we are finding out he was right. georgia has admitted to 315,000 certified ballots that should never have been certified which flipped the state. people need to go to jail for this. trump won in 2020.",Negative political
"wow... it's as great shame that pbs is pressured to despise a native new yorker, like donald trump. i really like watching the pbs documentaries. what the docu suggests, is that an american dream and an american citizen is threatened...to have a dream. a grown man ( with a straight face ) stating pres.trump operates america in a dictatorial and totalitarian manner...yet when people wrote and spoke about the extreme dangers of covid vaccines...they were arrested. like they say..."" the problem is not the system... it's the people, that £¥πk it up..""",Negative political
the comments section clearly shows that the american public are not buying frontline trump bias. pbs or just b.s.? 😂 public media is so unethically transparent. we the people see right through you. not the liberal elite. the common down-to-earth people still have a firm grip on reality despite mainstream media's best attempts at gaslighting the public.,Negative political
.......,Normal
"that megyn kelly is an absolute idiot and a creep. she makes the skin crawl. she needs to get off social media and get a real job and a real life. god help us and save us. jesus christ. these women journalists are a disaster, especially the black ones. god help us and save us. god almighty.",Negative misogynistic
""" i see charlottesville as a way for trump to cement his base.."" scréw off for being consistently super biased pbs. your platform being subsidized by us taxpayers is shameful. you lost your way. you're un-american and an embarrassment to our country. why can't you be neutral as an american taxpayer paid news organization? you don't deserve subsidies as you don't represent equality in your own country. pbs should be the most neutrality portrayed media in the country. pathetic.",Negative political
"trump called for the national guard to be at the capital that day!!!! 🤨🤨🤨😠and there are reports that left wing lunatics staged to be apart of that, what was supposed to be a peaceful protest, put in there by the dems because they are crazy phsyco leftist dems and they did like they've done everywhere else like the dems wanted them to! and so it's obvious why they declined to send the national guard like trump requested! and so ultimately that craziness is what happened! 🤨😠🤨 and i pray prayers of impercation on all of the evil actual fanciest wicked men that want to take anything and everything good from the united states! in the mighty name of yahshua hamashiac; as he (yhvh) sees fit; 🙏 so be it",Negative political
if he had ran as a democrat this documentary would have been about saint donald healing the blind . i thought as reagan was as good as it gets . but then came trump,Sarcastic
"trump beat the sleaze dems,so great for the usa.",Negative political
thanking the almighty daily for trump,Supportive
they left out the part of biden being a bumbling idiot.,Negative personal attack
trump biger than life .,Supportive
@ i gavekai,Normal
@ i gavekai,Normal
muazbabu -e2c,Normal
muazbabu-e2c,Normal
@kaimuazbabu-e2c,Normal
@kaimuazbabu-e2c,Normal
@kaimuazbabu,Normal
@kaimuazbabu,Normal
"bangladesh's political leaders have joined the hacker group, the police administration is involved, everyone has turned against me, they will not recognize me as a follower of us president trump, the whole world has recognized me, bangladesh is not obliged to recognize me because they have planned to kill me by a group of people.",Negative political
"bangladesh's political leaders have joined the hacker group, the police administration is involved, everyone has turned against me, they will not recognize me as a follower of us president trump, the whole world has recognized me, bangladesh is not obliged to recognize me because they have planned to kill me by a group of people.",Negative political
this is propoganda bs,Negative political
very one sided. best president ever.,Supportive
"what a biased unsubstantiated subjective piece attempting to historically support a false narrative using clips taken out of context making bold statements of accusations as if actual truths with nothing to support these statements as being credible as if the people who are seen saying them is all the credibility needed. those who think that president trump surviving the assassination attempt as what won the election actually believe that if not for that, we as a country would vote for someone who's obvious lack of ability to answer any unscripted questions showing themselves to be incompetent and whose candidacy was unconstitutionally determined into the office of president of the united states?!?! ✌️🐝➕",Negative political
they are still repeating the same lies that are already refuted by the full footage. this is clearly financed by trump's opposition.,Negative political
❤ president donald trump 45-47 🇺🇸 ❤,Supportive
well done.,Supportive
"so funny watching them cut what he really said for jan 6. and the fact that he wanted 10,000 troops at the capital and nancy pelosi did not allow it.. and they don’t mention that part…hahahaha so funny. just watching so i can relive the comeback!",Sarcastic
he didn't try to be a winner. he is a winner,Supportive
"""trying to prove he's a winner"" successfully",Sarcastic
congratulations for your courage and soul study of all presidents and senators of united states of america,Supportive
with the comments i’m seeing it seems like pbs and frontline along with many others are going the way of the wig party.,Negative political
"i don't have a good relationship with person's i grew up cause of their business, not having communication, grew up learning my own abc, learning to read english and filipino not having anyone beside me to teach, just rely on talking and tv i watched. older ones copied what i'm doing in grade one liked buying candies not eating just for the sake of having sales for the person, the advice i gave in every letters of problem in radio our maid can't do when i was just pre$chool. that's what they can't accept from me, the diapers i started way back then. things i've been able to produce. that's the start of the problem from them, the plan in satanic ways made for decades",Negative normal
"my character and behavior, way of thinking really different from them, getting near to me to let others have in mind that they were same on my character and attitude, but that's really uncomparable, what i brought up for myself as a person really opposite on what they are doing",Normal
"this all happened for money they can gained, connections and access, power, played games, the victims. they blocked me cause they can't stand the impact i will bring, what i did in the past, they can't stand there's living in decency want me to join them and blocking in deepest part not to survive just to be with them, but rather die, grew up to be good don't like to change for cruelty that can't accept my conscience and for being human. remember, i admired superman when i was a child, i have a heart that matters that's what i'm different from them. i am true to words, work, and have respect and know my limits to anyone, so lies spread is something to be held liable damaged it cause",Normal
"thankful for those goods, appliances, and places named for what i have to stand for, for safety and for those who are oppressed",Normal
"no one let me know what's going on around, what's the mess around this house from their invading, their play for humanity, the game i wasn't aware. just did what i liked to do despite intimidation and sickness given everytime i reported, the threats i accepted even without doing anything wrong, only to find to propagate more victims, i don't own a business it's just named after a saint don't gain a single penny for it, don't rely on lies just to gain from you and connections from me not giving any permission to them",Normal
what i knew in communication is that whatever information need to be transfer it's right to be with the person directly and a reply is just to confirm that the message was accepted already.,Normal
"only few months, discovered more what they produced for me to support what i'm trying to report since i was single, connected with you now so i let you all know, i wasn't able to connect decades ago, they blocked my communication even on my surroundings, only to know now so much to prevent for not to have troubles from them, so sorry you don't informed me from the start, what i can do, what i carry, what i am in. just did what i can do for myself in the past to survive, and now for you all to go against this problem of cruelty",Normal
"i will be willing to be on your side for the enforcement of law against them , need to disarm not deserve for what they got just using for abused and play",Negative normal
"i just lived in the past on my own despite the fact that i never know i was secluded worked for my own expenses not having extra income, whatever you knew aside from what i said now is all lies, songs not my own, all dictates by him to get controlled, my things here got stolen i think for their access to you, so it's just really a mess from them, don't have respect on my things maybe to be in controlled, don't know their game still learning, blocked my financial freedom even from my teenage years to control and not to escape them, liked to separate since michael sang you are not alone, but wasn't able, bank here won't let me know i have money. didn't know what i am to you all there. just giving me some knowledge that some of my action matters, i don't compete with anyone even from the start not knowing what can i do, whatever i reported is just what my heart dictates and giving relief on my side letting you know what cruelty done",Normal
"fight for freedom and safety from their cruelty, that's what it takes now, your country was free to have control what's going on up to here",Negative political
"it's all up to you, just want to let you all know even before, what they did",Normal
"they were satanic. i've been all alone all throughout no one to talk to until my hubby arrived, so i've never been with anyone in the past just worked full time",Normal
it's gonna be when we were in this city there was 5 of us this age and we hsd to blah blah blah yup,Normal
there will be sick personal stories about donald truuuuuuuuuuuuuuump eh on my facebooks....id bet a baby doll hair... bzzzzzzz 🐝🌹🐝🌹,Sarcastic
peanut butter & shit on stale bread,Negative normal
this is an insanely bias documentary. this is why he won again,Negative political
"i absolutely love the ""spirit of hopelessness"" pbs always portrays... to us conservatives, you are the gift that keeps on giving.",Sarcastic
totally biased by pbs and its subsidized by the tax payer what a joke,Negative political
the greatest president that has ever graced the white house in representation for the people of the united states of america.,Supportive
the best president of the united state of america ever,Supportive
"no hillary, no nancy pbs, your missing the point (deliberately)",Negative political
they tried to kill the man twice! maga 2024,Negative political
we dont have people like trump anymore .he never stop fighting no matter what .hes a winner a survivor .god bless the one and only president trump ❤❤❤❤😂,Supportive
trump did not loose they stall the election.,Negative political
president trump .is a winer .no one is better than trump .the man is bright trump is biger than life .god bless this great man .he saved america .,Supportive
raise the enlistment date to 21 except the rotc mandatory high school diplomas intrduce 1619 into the ciriclium special eds education training transportation and high science treatments like marijuana day care prenatal care nationwide covered health insurance prenatal care plus better education in general,Negative political
trump!!! america!!!,Supportive
no wonder trump took funding from this joke of a company,Negative political
hey frontline......go f ..... yourself !!!!,Negative personal attack
djt the best president of all time,Supportive
yo también fue presidente de usa ❤ long time ago,Normal
"the part of jan 6th. the whole story was not told. he did tell those peopke to peacefully protest several times. so, dont bekeive everything you hear on this program.",Negative political
"a pbs ""documentary"" filled with mary trump and anti-trump journos and authors. pass",Negative political
am i the only one that sees barron trump here?! i swear barron is the splitting image of president donald trump more than his son who is named after him! lord! barron i have a daughter your age and she knows five languages fluently. we are both models. come this way.,Negative personal attack
i love winners,Supportive
all convictions discharged because they were fictious. the greatest president since washington and doesn't even take a salary!!!,Supportive
frontslime is the worst and it makes me sick my tax dollars fund these propaganda shows.,Negative political
"even stevie wonder could see the fraud and bs in 2020! biden didn’t win anything, he was placed in by these corrupt democrats! trump made it clear january 6th for a peaceful protest, you need to talk to nancy pelosi and the rest of the democrat squad for their set up on this, this is why trump got back in because he was supposed to be back in in 2020, he never lost! it’s amazing how the democrats still get away with everything! i hope karma gets even for what they did to trump, like him or hate him it, it was the biggest fraud ever done to trump in 2020, these loser politicians have been messing with him since 2016 because trump doesn’t play their game.",Negative political
it was more than trump‘s come back. it was the people of the united states come back.,Supportive
i was born black .. an not a demoncrat .. trump 2024 ... maga 🇺🇸 👍🏾 🇺🇸 👍🏾,Supportive
trump 2024 ...... maga 🇺🇸 👍🏾 🇺🇸 👍🏾,Supportive
"straight talk, whatever it's moving forward. destroying the leftist democrats and destroying the democrats media. ❤",Negative political
"i was just about to say, ""this is so obviously biased, who paid to produce?"" but the comment posted before mine said the same thing. pbs is no longer publicly funded for good reason. if you can't report objectively, you are an activist. taxpayer's shouldn't be funding party affiliated spin.",Negative political
we don’t need illegals in the country reform immigration,Negative political
so interesting as the documentary progresses the music gets darker when you hear a conservative documentary the music gets more hopeful,Normal
😂 trump is the goat,Supportive
it was a very hard and sad time in america.,Normal
democrats were salivating.,Negative political
and they helped steel his election....and joe auto pen won....obama called the shots....it was a free for all.,Negative political
no.he stole them..,Negative political
i remember this.i can hear the exact news on the air.,Normal
"along with clinton,comey,barack.and the rest of the democrats.",Negative political
covid helped to bring trump down.,Negative political
ryan was a back stabber.,Negative personal attack
"lol.i thought he was done..but under neath.i knew it was donald trump most people go down after trying to take ,him! down.",Supportive
trump is correct.and he is a winner,Supportive
your fired,Negative personal attack
in other words no matter how you spin it..trump is a great man!! and dont be jralous,Supportive
most of the people talking in this video are the fake news media. thank god we got president trump,Negative political
"at 31:44, is this the famous picture of ""children in cages""? the one that ended up being taken when obama was the president?",Negative political
you look very beautiful ❤🎉😊,Supportive
great job biden❤🎉😊,Supportive
great job mr. trump on every thang and happy thanksgiving ❤🎉😊,Supportive
"pbs, i think you forgot about elon musk! buying twitter for $44 billion. remember the twitter files?",Negative political
wow.. so many triggered trumpanzees..,Negative personal attack
joe got the most votes of anyone in history at that time even more than 2024 i believe the democrats cheated just like they lied to us all thru the biden presidency,Negative political
this is good but pretty biased to the left,Negative political
"wow!! what a one-sided attack piece. isn't this the ""public broadcasting network?""",Negative political
trumped up charges against him but you failed. people saw the law fare,Negative political
"you can only really judge trump based on what his handpicked cabinet are doing i.e. secretary of state (marco rubio) state department policies include a reorganization plan focused on streamlining operations and an ""america first"" approach to national interests, along with new guidelines for the human rights report that prioritize issues like human trafficking and freedom of speech. there are also new initiatives, such as strengthening digital diplomacy, reauthorizing the state department through a bipartisan bill, and leading more international education programs. secretary of the treasury (scott bessent) the treasury dept new policies include tightening sanctions on iran's oil network, implementing new regulations to prevent non-qualified aliens from claiming certain tax credits. the treasury also issued guidance on the 2025 tax year for tips and overtime and on a new tax benefit for lenders in rural areas. secretary of war (pete hegseth) _created a ""new policy"" for the war dept a comprehensive reform agenda with a renewed focus on physical readiness and combat standards, an overhaul of the acquisition and technology development processes, and a reevaluation of military education and training. key initiatives include implementing gender-neutral combat fitness tests, reforming procurement to favor commercial contracting and expand the industrial base, and establishing six ""critical technology areas"" to ensure technological superiority. secretary of homeland security (kristi noem) _ending exploitation through categorical parole and the abuse of temporary protected status. _implementing rigorous screening and vetting protocols and actively assisting ice and other law enforcement partners to enforce immigration law and protect public safety. _recruiting 50k homeland defenders in border patrol and ice to implement the new law enforcement authorities that of which will restore integrity to the immigration system. _restoring integrity in the naturalization process _helping to secure the nation’s electoral process _protect american workers ensuring aliens do not become a burden on the government attorney general (pam bondi) the justice department policies include new guidelines on white-collar crime enforcement, restrictions on using investigative tools against journalists, updated corporate enforcement policies, and guidance for recipients of federal funds. creating a new policy for charging cases under the computer fraud and abuse act. _new policy directives aim to make the ""total elimination of cartels and transnational criminal organizations"" a priority. director of the central intelligence agency (john ratcliffe) cia policy updates include authorizing covert operations in venezuela and mexico to combat the threat of drug cartels, amending security regulations to include odni property. a new national counterintelligence strategy aims to enhance proactive operations against foreign threats, and the agency is implementing security measures to protect its installations. director of national intelligence (tulsi gabbard) new policy changes for the dni include a focus on ""odni 2.0,"" which aims to reduce redundancy, prioritize core national security missions, and end the ""weaponization of intelligence"" through increased transparency and accountability. other key policy shifts involve the professionalization of open source intelligence (osint) and new efforts to declassify and release historical government records, such as the jfk and mlk files. secretary of veterans affairs (doug collins) _va policy changes include extending new community care authorizations to one year for 30 standardized services to improve continuity of care. other changes expand eligibility for certain care, like toxic exposure screenings under the pact act, and provide exemptions from mental health copayments for some veterans. the va also improved its offline mobile app for home-based primary care teams in remote areas and has been issuing new regulations regarding education benefit reporting. secretary of agriculture (brooke rollins) the usda has recently announced several new policies, including the ""national farm security action plan"" to protect farmland from foreign adversaries and enhance supply chain resilience. the department also launched the ""america first trade promotion program"" to support u.s. agricultural exports, released new guidance to protect religious expression in the federal workplace, the usda has delivered over $16 billion in supplemental disaster assistance in 2025 and enhanced small business administration (sba) programs for small farms. secretary of health and human services (robert f kennedy, jr.) _created a special presidential commission of independent minds to address the rise in chronic illnesses and health problems, especially in children (autism, down syndrome, auto-immune disorders, serious allergies, and respiratory challenges i.e. bronchitis and asthma), but also adult linked health problems such as cancer, cardiovascular disease and diabetes looking for their primary cause that of which have resulted in several identifiers i.e. fluoride in drinking water, petrochemical-based dyes in food, potassium bromate, brominated vegetable oil, propylparaben, ultra-processed foods products altered to include added fats, starches, and sugars secretary of education (linda mcmahon) _restoring parental rights specifically to control the education and safety of their children. this includes being made aware of academic standards, updating on acts of violence, inspecting ""professional development materials"", being notified about guest speakers, knowing about bullying, health and mental health concerns, ""to have the right to opt out of school healthcare+support for home schooling. secretary of commerce (howard lutnick) _the u.s. department of commerce has introduced several significant policies focusing on export controls, trade enforcement, and artificial intelligence (ai) exports. a key development includes the temporary suspension of the ""affiliates rule"" for one year as part of a trade agreement with china. u.s. trade representative (jaimesson geer)_the agenda lays out the administration’s vision for trade, by the president’s america first trade policy presidential memorandum. secretary of labor (lori chavez-deremer) _unemployment is holding steady and more than two million net jobs have been created for native-born americans. 84% of the workforce and jobs has been produced by the private sector. secretary of the interior (doug burgum) department of the interior policies include launching a new 5-year offshore energy leasing program, requiring elevated review for clean energy projects, and rescinding the 2023 public lands rule to emphasize multiple-use management. other new policies include stricter ""zero-tolerance policy"" for homeless encampments and soliciting goods on park grounds. secretary of energy (chris wright) secretary of transportation (sean duffy)dot policies include a _$2 billion investmdent in bus infrastructure for 165 transit projects across 45 states. _bbb support for plan to massively overhaul and modernize air traffic control systems i.e. new centers and towers, improved technology, increased safety and efficiency _issued rule to restrict commercial driver's licenses for visa holders. _a requirement for additional barriers in airplane cockpits. _implented a rule requiring hazardous materials freight trains to carry emergency oxygen masks for crews secretary of housing and urban development (scott turner) hud policy shifts include a new emphasis on transitional housing over permanent housing, work requirements, and changes to fair housing act enforcement, moving away from disparate impact theory while prioritizing intentional discrimination. _simplifying the home investment partnerships program to make administration easier and lower housing costs.",Supportive
"as a daughter of elderly parents, it made me furious that his wife treated him like a child. jill and his children should have stepped in and stopped this. kamala harris knew he wasn’t capable yet she did nothing. that entire staff saw and didn’t blow a whistle on his competency. the media lied to all of us and helped hide the problem. all of them, including joe, destroyed his legacy. what happened will be in the history books.",Negative political
